machine_model,run_id,timestamp,target_load_percent,measured_usage_percent,power_watts
Dell Inc. Latitude 7480,1,2026-08-07T15:01:37.768463+00:00,0,42.396,9.2996
Dell Inc. Latitude 7480,1,2026-08-07T15:01:37.768463+00:00,25,25.392,7.54524
Dell Inc. Latitude 7480,1,2026-08-07T15:01:37.768463+00:00,50,36.228,9.58496
Dell Inc. Latitude 7480,1,2026-08-07T15:01:37.768463+00:00,75,100.0,11.08724
Dell Inc. Latitude 7480,1,2026-08-07T15:01:37.768463+00:00,100,100.0,14.63704
Dell Inc. Latitude 7480,2,2026-08-07T15:11:55.352198+00:00,0,30.096,7.83604
Dell Inc. Latitude 7480,2,2026-08-07T15:11:55.352198+00:00,25,22.872,7.33
Dell Inc. Latitude 7480,2,2026-08-07T15:11:55.352198+00:00,50,34.328,8.95284
Dell Inc. Latitude 7480,2,2026-08-07T15:11:55.352198+00:00,75,96.536,16.10464
Dell Inc. Latitude 7480,2,2026-08-07T15:11:55.352198+00:00,100,100.0,16.4546
Dell Inc. Latitude 7480,3,2026-08-07T15:19:14.341421+00:00,0,22.080000000000002,7.28596
Dell Inc. Latitude 7480,3,2026-08-07T15:19:14.341421+00:00,25,33.196,8.64932
Dell Inc. Latitude 7480,3,2026-08-07T15:19:14.341421+00:00,50,43.028,8.80712
Dell Inc. Latitude 7480,3,2026-08-07T15:19:14.341421+00:00,75,99.492,15.62096
Dell Inc. Latitude 7480,3,2026-08-07T15:19:14.341421+00:00,100,99.984,16.05612
Dell Inc. Latitude 7480,1,2026-08-08T22:35:55.237782+00:00,0,30.616,7.60568
Dell Inc. Latitude 7480,1,2026-08-08T22:35:55.237782+00:00,25,34.232,8.01792
Dell Inc. Latitude 7480,1,2026-08-08T22:35:55.237782+00:00,50,31.812,7.44628
Dell Inc. Latitude 7480,1,2026-08-08T22:35:55.237782+00:00,75,58.892,11.68924
Dell Inc. Latitude 7480,1,2026-08-08T22:35:55.237782+00:00,100,99.984,16.63652
Dell Inc. Latitude 7480,2,2026-08-08T22:44:31.034962+00:00,0,37.084,8.6442
Dell Inc. Latitude 7480,2,2026-08-08T22:44:31.034962+00:00,25,38.088,8.16604
Dell Inc. Latitude 7480,2,2026-08-08T22:44:31.034962+00:00,50,54.248,11.23436
Dell Inc. Latitude 7480,2,2026-08-08T22:44:31.034962+00:00,75,33.684,7.71352
Dell Inc. Latitude 7480,2,2026-08-08T22:44:31.034962+00:00,100,100.0,12.02828
Dell Inc. Latitude 7480,3,2026-08-08T22:53:24.170964+00:00,0,27.732,7.04452
Dell Inc. Latitude 7480,3,2026-08-08T22:53:24.170964+00:00,25,31.98,7.31772
Dell Inc. Latitude 7480,3,2026-08-08T22:53:24.170964+00:00,50,52.08,10.82024
Dell Inc. Latitude 7480,3,2026-08-08T22:53:24.170964+00:00,75,92.28,16.19712
Dell Inc. Latitude 7480,3,2026-08-08T22:53:24.170964+00:00,100,99.968,13.18928
Dell Inc. Latitude 7480,4,2026-08-09T21:00:18.021160+00:00,0,27.516,7.40632
Dell Inc. Latitude 7480,4,2026-08-09T21:00:18.021205+00:00,25,29.268,7.224
Dell Inc. Latitude 7480,4,2026-08-09T21:00:18.021221+00:00,50,100.0,17.08276
Dell Inc. Latitude 7480,4,2026-08-09T21:00:18.021234+00:00,75,54.788,10.716239999999999
Dell Inc. Latitude 7480,4,2026-08-09T21:00:18.021248+00:00,100,100.0,12.51304
Dell Inc. Latitude 7480,5,2026-08-09T21:05:15.736926+00:00,0,48.616,10.647639999999999
Dell Inc. Latitude 7480,5,2026-08-09T21:05:15.736979+00:00,25,26.98,7.0632
Dell Inc. Latitude 7480,5,2026-08-09T21:05:15.736999+00:00,50,53.708,11.05428
Dell Inc. Latitude 7480,5,2026-08-09T21:05:15.737011+00:00,75,87.688,15.263119999999999
Dell Inc. Latitude 7480,5,2026-08-09T21:05:15.737023+00:00,100,100.0,15.6278
Dell Inc. Latitude 7480,6,2026-08-09T21:10:50.241619+00:00,0,32.656,7.301
Dell Inc. Latitude 7480,6,2026-08-09T21:10:50.241672+00:00,25,30.228,7.34112
Dell Inc. Latitude 7480,6,2026-08-09T21:10:50.241687+00:00,50,28.34,6.8286
Dell Inc. Latitude 7480,6,2026-08-09T21:10:50.241700+00:00,75,70.38,13.631639999999999
Dell Inc. Latitude 7480,6,2026-08-09T21:10:50.241714+00:00,100,62.336,12.19044
