timestamp,elapsed_seconds,round,target_extra_gb,ram_used_gb,cpu_percent,watts
2026-08-19T09:44:26.841930,5.5,1,2.5,13.976,72.2,11.805
2026-08-19T09:44:28.917911,7.6,1,2.5,13.852,55.3,16.305
2026-08-19T09:44:30.986539,9.7,1,2.5,13.837,42.1,10.602
2026-08-19T09:44:33.063292,11.8,1,2.5,13.837,53.6,10.238
2026-08-19T09:44:35.137617,13.8,1,2.5,13.844,71.6,10.68
2026-08-19T09:44:37.227140,15.9,1,2.5,13.84,76.5,13.185
2026-08-19T09:44:39.390803,18.1,1,2.5,13.892,76.0,12.997
2026-08-19T09:44:41.527518,20.2,1,2.5,13.951,90.9,18.768
2026-08-19T09:44:43.589875,22.3,1,2.5,13.885,82.9,18.922
2026-08-19T09:44:45.672418,24.4,1,2.5,13.827,85.3,17.998
2026-08-19T09:44:50.145374,28.8,1,1.0,12.346,56.6,11.48
2026-08-19T09:44:52.228056,30.9,1,1.0,12.306,55.8,10.435
2026-08-19T09:44:54.321216,33.0,1,1.0,12.398,65.5,9.931
2026-08-19T09:44:56.394910,35.1,1,1.0,12.4,60.4,14.578
2026-08-19T09:44:58.486571,37.2,1,1.0,12.406,53.4,11.153
2026-08-19T09:45:00.575527,39.3,1,1.0,12.407,67.9,11.8
2026-08-19T09:45:02.650923,41.3,1,1.0,12.436,78.7,11.905
2026-08-19T09:45:04.721656,43.4,1,1.0,12.432,66.1,11.794
2026-08-19T09:45:06.799504,45.5,1,1.0,12.443,67.0,13.091
2026-08-19T09:45:08.878828,47.6,1,1.0,12.412,74.1,13.406
2026-08-19T09:45:13.200634,51.9,1,1.5,12.846,76.3,12.718
2026-08-19T09:45:15.292104,54.0,1,1.5,12.818,66.0,14.039
2026-08-19T09:45:17.362947,56.1,1,1.5,12.845,58.0,11.182
2026-08-19T09:45:19.442531,58.1,1,1.5,12.777,45.0,9.815
2026-08-19T09:45:21.519495,60.2,1,1.5,12.773,36.6,9.579
2026-08-19T09:45:23.573120,62.3,1,1.5,12.774,33.2,9.08
2026-08-19T09:45:25.676560,64.4,1,1.5,12.755,43.8,9.477
2026-08-19T09:45:27.765977,66.5,1,1.5,12.75,47.6,10.806
2026-08-19T09:45:29.847619,68.5,1,1.5,12.746,42.7,10.342
2026-08-19T09:45:31.906609,70.6,1,1.5,12.743,35.4,9.809
2026-08-19T09:45:36.213191,74.9,1,0.0,10.962,50.0,14.139
2026-08-19T09:45:38.319027,77.0,1,0.0,11.0,50.8,12.521
2026-08-19T09:45:40.401370,79.1,1,0.0,11.078,91.9,18.35
2026-08-19T09:45:42.473359,81.2,1,0.0,11.068,76.7,15.349
2026-08-19T09:45:44.563428,83.3,1,0.0,11.062,56.6,11.424
2026-08-19T09:45:46.633057,85.3,1,0.0,11.093,72.3,13.455
2026-08-19T09:45:48.754970,87.4,1,0.0,11.087,43.9,10.205
2026-08-19T09:45:50.845944,89.5,1,0.0,11.12,50.8,11.561
2026-08-19T09:45:52.923673,91.6,1,0.0,11.111,37.2,13.746
2026-08-19T09:45:55.021778,93.7,1,0.0,11.067,55.6,9.702
2026-08-19T09:45:59.358275,98.0,1,0.5,11.526,45.4,8.982
2026-08-19T09:46:01.510708,100.2,1,0.5,11.547,70.1,13.57
2026-08-19T09:46:03.703299,102.4,1,0.5,11.639,76.5,13.57
2026-08-19T09:46:05.763785,104.5,1,0.5,11.642,53.1,16.466
2026-08-19T09:46:07.840777,106.5,1,0.5,11.638,38.3,12.827
2026-08-19T09:46:09.898105,108.6,1,0.5,11.616,53.0,9.064
2026-08-19T09:46:11.936554,110.6,1,0.5,11.561,40.1,12.048
2026-08-19T09:46:13.976693,112.7,1,0.5,11.556,37.4,11.057
2026-08-19T09:46:16.056861,114.7,1,0.5,11.507,72.8,14.927
2026-08-19T09:46:18.132010,116.8,1,0.5,11.493,35.5,9.354
2026-08-19T09:46:22.806283,121.5,1,2.0,13.071,91.8,17.667
2026-08-19T09:46:24.872052,123.6,1,2.0,13.081,46.8,12.377
2026-08-19T09:46:26.945048,125.6,1,2.0,13.078,42.6,9.489
2026-08-19T09:46:29.007084,127.7,1,2.0,13.084,51.0,13.205
2026-08-19T09:46:31.080526,129.8,1,2.0,13.04,48.1,10.644
2026-08-19T09:46:33.158371,131.8,1,2.0,13.032,38.4,10.268
2026-08-19T09:46:35.256586,133.9,1,2.0,13.052,54.4,9.249
2026-08-19T09:46:37.330949,136.0,1,2.0,13.029,61.0,12.524
2026-08-19T09:46:39.427200,138.1,1,2.0,13.05,51.6,11.021
2026-08-19T09:46:41.507496,140.2,1,2.0,13.055,34.5,9.625
2026-08-19T09:46:45.757480,144.4,2,1.5,12.591,67.6,10.209
2026-08-19T09:46:47.811451,146.5,2,1.5,12.648,94.7,19.319
2026-08-19T09:46:49.981664,148.7,2,1.5,12.648,63.1,13.805
2026-08-19T09:46:52.082855,150.8,2,1.5,12.688,60.9,12.796
2026-08-19T09:46:54.172496,152.9,2,1.5,12.687,56.7,12.601
2026-08-19T09:46:56.257659,154.9,2,1.5,12.678,51.2,11.677
2026-08-19T09:46:58.347732,157.0,2,1.5,12.685,52.1,11.922
2026-08-19T09:47:00.421661,159.1,2,1.5,12.647,48.6,11.009
2026-08-19T09:47:02.501809,161.2,2,1.5,12.664,60.7,9.84
2026-08-19T09:47:04.587102,163.3,2,1.5,12.63,78.3,12.226
2026-08-19T09:47:08.968280,167.7,2,2.0,13.146,52.3,12.157
2026-08-19T09:47:11.059089,169.7,2,2.0,13.144,59.9,11.568
2026-08-19T09:47:13.137056,171.8,2,2.0,13.142,51.2,13.262
2026-08-19T09:47:15.270634,174.0,2,2.0,13.141,49.4,12.497
2026-08-19T09:47:17.373216,176.1,2,2.0,13.112,51.0,12.661
2026-08-19T09:47:19.451158,178.1,2,2.0,13.148,61.4,14.069
2026-08-19T09:47:21.541977,180.2,2,2.0,13.188,63.9,12.194
2026-08-19T09:47:23.622383,182.3,2,2.0,13.254,63.7,13.474
2026-08-19T09:47:25.714696,184.4,2,2.0,13.269,59.8,14.404
2026-08-19T09:47:27.844074,186.5,2,2.0,13.255,37.8,12.977
2026-08-19T09:47:32.226834,190.9,2,2.5,13.732,49.5,9.266
2026-08-19T09:47:34.302900,193.0,2,2.5,13.726,42.1,9.924
2026-08-19T09:47:36.386977,195.1,2,2.5,13.711,42.1,10.371
2026-08-19T09:47:38.480248,197.2,2,2.5,13.739,57.8,13.667
2026-08-19T09:47:40.607815,199.3,2,2.5,13.733,43.5,9.982
2026-08-19T09:47:42.680253,201.4,2,2.5,13.752,47.0,12.279
2026-08-19T09:47:44.783431,203.5,2,2.5,13.746,54.2,9.82
2026-08-19T09:47:46.867470,205.6,2,2.5,13.748,52.8,11.144
2026-08-19T09:47:48.924029,207.6,2,2.5,13.729,49.6,11.472
2026-08-19T09:47:51.035377,209.7,2,2.5,13.733,58.0,9.215
2026-08-19T09:47:55.752060,214.4,2,0.5,11.701,49.2,10.382
2026-08-19T09:47:57.815327,216.5,2,0.5,11.692,37.3,9.876
2026-08-19T09:47:59.868551,218.6,2,0.5,11.668,37.2,9.319
2026-08-19T09:48:01.929891,220.6,2,0.5,11.682,54.2,10.959
2026-08-19T09:48:04.026058,222.7,2,0.5,11.684,63.3,12.194
2026-08-19T09:48:06.077632,224.8,2,0.5,11.686,55.5,13.518
2026-08-19T09:48:08.166326,226.9,2,0.5,11.692,48.3,12.114
2026-08-19T09:48:10.233868,228.9,2,0.5,11.711,64.0,13.64
2026-08-19T09:48:12.303385,231.0,2,0.5,11.726,47.0,11.688
2026-08-19T09:48:14.429329,233.1,2,0.5,11.748,61.2,9.467
2026-08-19T09:48:18.615032,237.3,2,0.0,11.028,54.2,11.61
2026-08-19T09:48:20.734699,239.4,2,0.0,11.04,63.1,12.575
2026-08-19T09:48:22.787656,241.5,2,0.0,11.048,51.8,11.84
2026-08-19T09:48:25.013477,243.7,2,0.0,11.053,39.5,9.956
2026-08-19T09:48:27.100841,245.8,2,0.0,11.04,39.8,10.02
2026-08-19T09:48:29.183195,247.9,2,0.0,11.027,40.6,9.776
2026-08-19T09:48:31.242219,249.9,2,0.0,11.033,62.5,9.471
2026-08-19T09:48:33.318015,252.0,2,0.0,11.026,46.4,10.378
2026-08-19T09:48:35.406137,254.1,2,0.0,11.018,42.2,9.556
2026-08-19T09:48:37.470556,256.2,2,0.0,11.011,39.8,10.273
2026-08-19T09:48:41.987310,260.7,2,1.0,12.006,33.1,9.439
2026-08-19T09:48:44.070135,262.8,2,1.0,12.006,31.0,8.882
2026-08-19T09:48:46.136813,264.8,2,1.0,12.012,37.4,8.597
2026-08-19T09:48:48.213051,266.9,2,1.0,12.013,34.7,9.066
2026-08-19T09:48:50.363709,269.1,2,1.0,12.081,73.8,8.906
2026-08-19T09:48:52.439989,271.1,2,1.0,12.087,72.2,14.517
2026-08-19T09:48:54.512619,273.2,2,1.0,12.087,37.1,10.749
2026-08-19T09:48:56.597991,275.3,2,1.0,12.066,40.3,10.415
2026-08-19T09:48:58.657642,277.3,2,1.0,12.069,39.5,10.97
2026-08-19T09:49:00.767831,279.5,2,1.0,12.036,57.4,9.688
2026-08-19T09:49:05.091881,283.8,3,0.0,11.027,73.7,16.988
2026-08-19T09:49:07.178853,285.9,3,0.0,11.082,92.5,16.591
2026-08-19T09:49:09.224009,287.9,3,0.0,11.07,48.0,14.375
2026-08-19T09:49:11.317765,290.0,3,0.0,11.067,49.0,11.765
2026-08-19T09:49:13.404638,292.1,3,0.0,11.062,65.9,16.486
2026-08-19T09:49:15.467582,294.2,3,0.0,11.036,43.4,10.515
2026-08-19T09:49:17.505688,296.2,3,0.0,11.013,58.3,11.926
2026-08-19T09:49:19.579252,298.3,3,0.0,10.982,45.9,10.629
2026-08-19T09:49:21.650223,300.3,3,0.0,10.923,68.1,12.122
2026-08-19T09:49:23.926290,302.6,3,0.0,10.926,79.7,13.73
2026-08-19T09:49:28.487968,307.2,3,0.5,11.484,86.3,11.978
2026-08-19T09:49:30.559968,309.2,3,0.5,11.492,78.8,17.67
2026-08-19T09:49:32.624363,311.3,3,0.5,11.561,53.2,10.664
2026-08-19T09:49:34.712313,313.4,3,0.5,11.566,50.2,12.214
2026-08-19T09:49:36.801958,315.5,3,0.5,11.555,58.0,10.927
2026-08-19T09:49:38.856631,317.5,3,0.5,11.543,69.3,12.943
2026-08-19T09:49:40.945836,319.6,3,0.5,11.589,92.4,19.31
2026-08-19T09:49:43.031664,321.7,3,0.5,11.56,67.8,19.372
2026-08-19T09:49:45.118448,323.8,3,0.5,11.561,76.2,17.001
2026-08-19T09:49:47.176042,325.9,3,0.5,11.564,37.9,15.054
2026-08-19T09:49:51.727712,330.4,3,1.5,12.504,32.1,9.272
2026-08-19T09:49:53.794490,332.5,3,1.5,12.499,37.0,8.798
2026-08-19T09:49:55.851920,334.5,3,1.5,12.498,46.7,10.28
2026-08-19T09:49:57.911873,336.6,3,1.5,12.504,38.8,9.055
2026-08-19T09:49:59.999664,338.7,3,1.5,12.5,44.2,9.165
2026-08-19T09:50:02.099516,340.8,3,1.5,12.519,43.0,9.86
2026-08-19T09:50:04.175773,342.9,3,1.5,12.519,53.2,12.151
2026-08-19T09:50:06.267328,345.0,3,1.5,12.518,39.6,10.839
2026-08-19T09:50:08.342426,347.0,3,1.5,12.511,60.4,12.004
2026-08-19T09:50:10.418515,349.1,3,1.5,12.506,40.3,9.569
2026-08-19T09:50:14.996995,353.7,3,2.5,13.512,63.3,11.401
2026-08-19T09:50:17.109861,355.8,3,2.5,13.522,57.8,13.987
2026-08-19T09:50:19.179557,357.9,3,2.5,13.526,49.0,11.944
2026-08-19T09:50:21.243129,359.9,3,2.5,13.525,41.4,10.938
2026-08-19T09:50:23.355049,362.0,3,2.5,13.499,41.4,11.522
2026-08-19T09:50:25.422856,364.1,3,2.5,13.508,37.3,9.882
2026-08-19T09:50:27.504114,366.2,3,2.5,13.5,39.2,8.879
2026-08-19T09:50:29.585300,368.3,3,2.5,13.494,53.3,12.411
2026-08-19T09:50:31.677683,370.4,3,2.5,13.505,40.9,9.812
2026-08-19T09:50:33.741974,372.4,3,2.5,13.5,33.7,8.916
2026-08-19T09:50:37.926881,376.6,3,2.0,12.668,76.8,16.083
2026-08-19T09:50:39.992720,378.7,3,2.0,12.696,62.0,14.669
2026-08-19T09:50:42.073079,380.8,3,2.0,12.693,49.0,12.617
2026-08-19T09:50:44.136280,382.8,3,2.0,12.69,41.0,12.177
2026-08-19T09:50:46.197722,384.9,3,2.0,12.691,39.7,9.668
2026-08-19T09:50:48.271923,387.0,3,2.0,12.682,30.6,8.663
2026-08-19T09:50:50.333550,389.0,3,2.0,12.682,42.1,9.45
2026-08-19T09:50:52.400958,391.1,3,2.0,12.651,44.5,9.179
2026-08-19T09:50:54.475093,393.2,3,2.0,12.651,31.6,9.341
2026-08-19T09:50:56.539455,395.2,3,2.0,12.669,43.6,10.137
2026-08-19T09:51:00.768437,399.5,3,1.0,11.662,61.5,10.855
2026-08-19T09:51:02.824349,401.5,3,1.0,11.66,61.4,12.177
2026-08-19T09:51:04.881165,403.6,3,1.0,11.657,34.9,9.309
2026-08-19T09:51:06.961998,405.6,3,1.0,11.639,40.2,9.27
2026-08-19T09:51:09.027940,407.7,3,1.0,11.638,62.8,11.11
2026-08-19T09:51:11.109382,409.8,3,1.0,11.633,40.0,12.109
2026-08-19T09:51:13.182163,411.9,3,1.0,11.637,38.2,10.054
2026-08-19T09:51:15.278271,414.0,3,1.0,11.636,35.4,9.365
2026-08-19T09:51:17.370600,416.1,3,1.0,11.635,34.5,8.976
2026-08-19T09:51:19.455346,418.1,3,1.0,11.65,32.9,9.258
2026-08-19T09:51:24.020309,422.7,4,2.0,12.638,45.2,10.376
2026-08-19T09:51:26.264188,425.0,4,2.0,12.875,95.1,14.584
2026-08-19T09:51:29.419575,428.1,4,2.0,12.934,100.0,17.724
2026-08-19T09:51:31.546680,430.2,4,2.0,12.985,99.1,19.692
2026-08-19T09:51:33.599489,432.3,4,2.0,12.914,56.0,17.014
2026-08-19T09:51:35.679617,434.4,4,2.0,12.912,47.5,10.232
2026-08-19T09:51:37.751264,436.4,4,2.0,12.808,55.9,9.652
2026-08-19T09:51:39.825507,438.5,4,2.0,12.67,56.8,14.897
2026-08-19T09:51:41.900638,440.6,4,2.0,12.673,54.9,11.365
2026-08-19T09:51:43.995465,442.7,4,2.0,12.64,48.3,11.206
2026-08-19T09:51:48.121260,446.8,4,1.5,12.058,49.0,12.412
2026-08-19T09:51:50.255190,448.9,4,1.5,12.052,35.6,9.07
2026-08-19T09:51:52.335519,451.0,4,1.5,12.068,51.9,8.82
2026-08-19T09:51:54.418140,453.1,4,1.5,12.079,46.7,10.53
2026-08-19T09:51:56.514144,455.2,4,1.5,12.083,39.7,10.855
2026-08-19T09:51:58.603555,457.3,4,1.5,12.099,39.3,10.391
2026-08-19T09:52:00.681367,459.4,4,1.5,12.103,44.5,10.113
2026-08-19T09:52:02.772227,461.5,4,1.5,12.096,53.2,10.322
2026-08-19T09:52:04.840882,463.5,4,1.5,12.092,41.4,13.412
2026-08-19T09:52:06.905762,465.6,4,1.5,12.091,41.2,9.64
2026-08-19T09:52:11.107377,469.8,4,0.5,11.027,51.4,12.75
2026-08-19T09:52:13.191733,471.9,4,0.5,11.037,40.2,10.061
2026-08-19T09:52:15.288625,474.0,4,0.5,11.044,42.7,10.406
2026-08-19T09:52:17.387849,476.1,4,0.5,11.115,72.2,10.485
2026-08-19T09:52:19.491409,478.2,4,0.5,11.192,89.7,16.432
2026-08-19T09:52:21.548789,480.2,4,0.5,11.175,71.8,14.105
2026-08-19T09:52:23.619720,482.3,4,0.5,11.169,32.5,9.093
2026-08-19T09:52:25.673601,484.4,4,0.5,11.161,28.9,9.091
2026-08-19T09:52:27.730393,486.4,4,0.5,11.158,35.6,8.582
2026-08-19T09:52:29.783364,488.5,4,0.5,11.126,37.3,9.295
2026-08-19T09:52:34.949881,493.6,4,2.5,13.291,45.4,13.94
2026-08-19T09:52:37.016887,495.7,4,2.5,13.29,47.7,10.43
2026-08-19T09:52:39.071857,497.8,4,2.5,13.235,64.2,9.056
2026-08-19T09:52:41.243010,499.9,4,2.5,13.216,57.5,15.551
2026-08-19T09:52:43.361613,502.0,4,2.5,13.2,42.0,11.244
2026-08-19T09:52:45.423754,504.1,4,2.5,13.175,71.0,11.24
2026-08-19T09:52:47.498334,506.2,4,2.5,13.183,49.0,9.635
2026-08-19T09:52:49.565141,508.3,4,2.5,13.188,63.5,10.864
2026-08-19T09:52:51.642440,510.3,4,2.5,13.192,40.6,9.396
2026-08-19T09:52:53.691252,512.4,4,2.5,13.183,41.3,8.881
2026-08-19T09:52:57.986480,516.7,4,0.0,10.671,48.9,10.695
2026-08-19T09:53:00.085280,518.8,4,0.0,10.662,45.0,9.629
2026-08-19T09:53:02.130514,520.8,4,0.0,10.663,37.9,8.931
2026-08-19T09:53:04.169589,522.9,4,0.0,10.665,37.2,9.352
2026-08-19T09:53:06.228779,524.9,4,0.0,10.678,66.9,9.755
2026-08-19T09:53:08.319069,527.0,4,0.0,10.695,59.9,15.466
2026-08-19T09:53:10.376148,529.1,4,0.0,10.69,49.4,10.079
2026-08-19T09:53:12.448504,531.1,4,0.0,10.7,67.0,15.206
2026-08-19T09:53:14.546032,533.2,4,0.0,10.696,33.9,11.173
2026-08-19T09:53:16.711324,535.4,4,0.0,10.701,53.1,9.735
2026-08-19T09:53:21.068458,539.8,4,1.0,11.706,36.5,10.298
2026-08-19T09:53:23.108752,541.8,4,1.0,11.705,55.0,8.671
2026-08-19T09:53:25.148458,543.8,4,1.0,11.692,43.5,9.082
2026-08-19T09:53:27.242149,545.9,4,1.0,11.686,68.2,10.906
2026-08-19T09:53:29.313841,548.0,4,1.0,11.68,61.6,10.571
2026-08-19T09:53:31.404613,550.1,4,1.0,11.672,42.7,9.134
2026-08-19T09:53:33.548857,552.2,4,1.0,11.736,75.9,17.183
2026-08-19T09:53:35.782357,554.5,4,1.0,11.821,65.8,14.589
2026-08-19T09:53:37.863165,556.6,4,1.0,11.826,52.8,15.458
2026-08-19T09:53:39.935908,558.6,4,1.0,11.888,78.2,12.809
2026-08-19T09:53:44.389813,563.1,5,1.5,12.417,39.4,9.905
2026-08-19T09:53:46.460590,565.1,5,1.5,12.394,51.6,11.866
2026-08-19T09:53:48.543534,567.2,5,1.5,12.316,56.5,13.743
2026-08-19T09:53:50.659929,569.3,5,1.5,12.313,42.1,12.28
2026-08-19T09:53:52.738150,571.4,5,1.5,12.307,45.5,9.908
2026-08-19T09:53:54.801347,573.5,5,1.5,12.289,38.9,10.409
2026-08-19T09:53:56.879369,575.6,5,1.5,12.284,35.9,9.001
2026-08-19T09:53:58.955960,577.6,5,1.5,12.278,35.0,9.223
2026-08-19T09:54:01.031434,579.7,5,1.5,12.277,36.1,9.068
2026-08-19T09:54:03.097608,581.8,5,1.5,12.274,38.9,9.141
2026-08-19T09:54:07.397157,586.1,5,0.0,10.768,40.3,9.543
2026-08-19T09:54:09.467340,588.2,5,0.0,10.769,36.3,9.506
2026-08-19T09:54:11.558619,590.2,5,0.0,10.77,64.7,10.491
2026-08-19T09:54:13.635203,592.3,5,0.0,10.765,36.5,12.572
2026-08-19T09:54:15.766035,594.5,5,0.0,10.765,38.7,8.8
2026-08-19T09:54:17.819627,596.5,5,0.0,10.753,41.3,9.851
2026-08-19T09:54:19.877218,598.6,5,0.0,10.752,39.4,8.626
2026-08-19T09:54:21.953090,600.6,5,0.0,10.753,34.4,8.742
2026-08-19T09:54:24.005869,602.7,5,0.0,10.753,42.6,8.889
2026-08-19T09:54:26.088120,604.8,5,0.0,10.755,34.7,8.577
2026-08-19T09:54:31.389941,610.1,5,2.5,13.243,52.3,10.929
2026-08-19T09:54:33.463144,612.2,5,2.5,13.246,33.7,9.073
2026-08-19T09:54:35.548746,614.2,5,2.5,13.249,37.7,9.277
2026-08-19T09:54:37.631166,616.3,5,2.5,13.249,60.4,11.334
2026-08-19T09:54:39.708258,618.4,5,2.5,13.269,75.0,11.431
2026-08-19T09:54:41.785182,620.5,5,2.5,13.26,78.2,19.056
2026-08-19T09:54:43.857253,622.5,5,2.5,13.272,76.9,14.154
2026-08-19T09:54:45.933278,624.6,5,2.5,13.279,37.1,9.77
2026-08-19T09:54:48.010456,626.7,5,2.5,13.28,34.8,8.791
2026-08-19T09:54:50.074860,628.8,5,2.5,13.289,39.5,8.404
2026-08-19T09:54:54.501225,633.2,5,0.5,11.286,40.9,9.065
2026-08-19T09:54:56.570225,635.3,5,0.5,11.284,35.0,8.693
2026-08-19T09:54:58.644643,637.3,5,0.5,11.277,33.6,9.451
2026-08-19T09:55:00.720775,639.4,5,0.5,11.278,38.7,8.3
2026-08-19T09:55:02.776198,641.5,5,0.5,11.28,40.4,8.821
2026-08-19T09:55:04.836978,643.5,5,0.5,11.277,30.9,9.07
2026-08-19T09:55:06.898400,645.6,5,0.5,11.281,30.1,8.965
2026-08-19T09:55:08.955161,647.6,5,0.5,11.28,36.6,8.675
2026-08-19T09:55:11.024650,649.7,5,0.5,11.278,39.2,9.92
2026-08-19T09:55:13.100263,651.8,5,0.5,11.278,52.8,10.675
2026-08-19T09:55:17.867395,656.6,5,2.0,12.774,31.9,8.646
2026-08-19T09:55:19.929624,658.6,5,2.0,12.778,37.8,9.105
2026-08-19T09:55:21.990203,660.7,5,2.0,12.778,34.8,8.766
2026-08-19T09:55:24.052941,662.7,5,2.0,12.778,36.5,9.397
2026-08-19T09:55:26.146110,664.8,5,2.0,12.786,53.2,8.586
2026-08-19T09:55:28.784936,667.5,5,2.0,12.911,72.8,12.678
2026-08-19T09:55:30.851779,669.5,5,2.0,12.9,65.6,19.658
2026-08-19T09:55:32.925981,671.6,5,2.0,12.902,35.8,9.217
2026-08-19T09:55:34.998713,673.7,5,2.0,12.874,41.7,9.538
2026-08-19T09:55:37.067074,675.8,5,2.0,12.723,76.7,10.147
2026-08-19T09:55:41.304548,680.0,5,1.0,11.649,82.3,14.398
2026-08-19T09:55:43.390380,682.1,5,1.0,11.671,74.3,19.293
2026-08-19T09:55:45.465082,684.2,5,1.0,11.689,73.2,16.579
2026-08-19T09:55:47.782220,686.5,5,1.0,11.703,61.8,13.428
2026-08-19T09:55:49.858316,688.5,5,1.0,11.712,64.9,13.045
2026-08-19T09:55:51.935414,690.6,5,1.0,11.706,57.0,16.662
2026-08-19T09:55:54.032312,692.7,5,1.0,11.717,46.7,9.404
2026-08-19T09:55:56.097121,694.8,5,1.0,11.726,41.5,13.609
2026-08-19T09:55:58.157466,696.8,5,1.0,11.742,53.6,9.999
2026-08-19T09:56:00.236219,698.9,5,1.0,11.75,96.0,20.532
2026-08-19T09:56:04.486377,703.2,6,0.0,10.742,54.1,11.605
2026-08-19T09:56:06.604992,705.3,6,0.0,10.733,55.4,12.836
2026-08-19T09:56:09.378611,708.1,6,0.0,10.74,74.1,11.245
2026-08-19T09:56:11.467368,710.2,6,0.0,10.74,65.9,18.252
2026-08-19T09:56:13.545662,712.2,6,0.0,10.75,96.8,19.133
2026-08-19T09:56:15.619673,714.3,6,0.0,10.725,61.2,12.652
2026-08-19T09:56:17.679566,716.4,6,0.0,10.766,78.6,19.294
2026-08-19T09:56:19.755474,718.4,6,0.0,10.756,46.2,19.048
2026-08-19T09:56:21.805327,720.5,6,0.0,10.761,42.9,10.309
2026-08-19T09:56:23.864724,722.6,6,0.0,10.752,41.0,9.201
2026-08-19T09:56:28.168115,726.9,6,0.5,11.216,39.5,9.34
2026-08-19T09:56:30.256762,728.9,6,0.5,11.208,42.3,9.396
2026-08-19T09:56:32.327991,731.0,6,0.5,11.203,38.3,9.948
2026-08-19T09:56:34.426984,733.1,6,0.5,11.229,65.8,10.311
2026-08-19T09:56:36.514831,735.2,6,0.5,11.215,57.8,16.139
2026-08-19T09:56:38.573400,737.3,6,0.5,11.216,48.1,10.262
2026-08-19T09:56:40.664691,739.4,6,0.5,11.223,52.5,11.43
2026-08-19T09:56:42.734806,741.4,6,0.5,11.224,67.4,15.943
2026-08-19T09:56:44.803383,743.5,6,0.5,11.231,53.0,12.054
2026-08-19T09:56:46.862391,745.6,6,0.5,11.246,57.3,10.072
2026-08-19T09:56:51.146406,749.8,6,1.0,11.717,46.0,9.978
2026-08-19T09:56:53.227799,751.9,6,1.0,11.699,39.4,10.359
2026-08-19T09:56:55.299053,754.0,6,1.0,11.687,37.7,8.887
2026-08-19T09:56:57.366875,756.1,6,1.0,11.683,44.4,9.257
2026-08-19T09:56:59.454382,758.1,6,1.0,11.583,48.9,10.493
2026-08-19T09:57:01.513378,760.2,6,1.0,11.59,48.3,10.874
2026-08-19T09:57:03.646211,762.3,6,1.0,11.612,75.8,16.443
2026-08-19T09:57:05.707506,764.4,6,1.0,11.661,78.4,19.91
2026-08-19T09:57:07.772771,766.5,6,1.0,11.662,38.5,11.164
2026-08-19T09:57:09.863972,768.6,6,1.0,11.66,50.1,14.294
2026-08-19T09:57:14.858911,773.5,6,2.5,13.181,97.4,19.191
2026-08-19T09:57:16.963531,775.7,6,2.5,13.24,90.5,19.423
2026-08-19T09:57:19.253847,777.9,6,2.5,13.332,92.6,19.76
2026-08-19T09:57:21.322619,780.0,6,2.5,13.367,84.8,17.306
2026-08-19T09:57:23.378693,782.1,6,2.5,13.378,84.9,15.285
2026-08-19T09:57:25.438255,784.1,6,2.5,13.298,69.2,16.566
2026-08-19T09:57:27.505428,786.2,6,2.5,13.291,49.6,11.163
2026-08-19T09:57:29.562553,788.3,6,2.5,13.192,41.9,10.904
2026-08-19T09:57:31.632542,790.3,6,2.5,13.163,42.3,9.552
2026-08-19T09:57:33.694617,792.4,6,2.5,13.105,39.2,8.435
2026-08-19T09:57:38.007655,796.7,6,1.5,12.1,37.8,9.264
2026-08-19T09:57:40.067821,798.8,6,1.5,12.1,31.6,9.209
2026-08-19T09:57:42.151337,800.8,6,1.5,12.095,34.0,8.853
2026-08-19T09:57:44.238408,802.9,6,1.5,12.122,46.4,9.05
2026-08-19T09:57:46.307288,805.0,6,1.5,12.169,56.8,11.95
2026-08-19T09:57:48.392648,807.1,6,1.5,12.168,34.9,9.084
2026-08-19T09:57:50.467141,809.2,6,1.5,12.157,38.4,9.348
2026-08-19T09:57:52.543035,811.2,6,1.5,12.158,30.3,8.89
2026-08-19T09:57:54.617493,813.3,6,1.5,12.152,33.1,8.532
2026-08-19T09:57:56.694889,815.4,6,1.5,12.145,40.3,9.199
2026-08-19T09:58:00.975485,819.7,6,2.0,12.657,44.9,9.618
2026-08-19T09:58:03.052997,821.7,6,2.0,12.633,49.5,9.129
2026-08-19T09:58:05.123445,823.8,6,2.0,12.639,59.9,10.858
2026-08-19T09:58:07.184409,825.9,6,2.0,12.645,45.2,9.428
2026-08-19T09:58:09.249240,827.9,6,2.0,12.651,33.9,9.106
2026-08-19T09:58:11.313470,830.0,6,2.0,12.646,49.7,8.714
2026-08-19T09:58:13.397718,832.1,6,2.0,12.645,36.8,9.946
2026-08-19T09:58:15.498702,834.2,6,2.0,12.652,51.1,10.009
2026-08-19T09:58:17.551123,836.2,6,2.0,12.658,53.6,11.766
2026-08-19T09:58:19.592636,838.3,6,2.0,12.767,52.9,14.77
